"created_at","id_str","full_text","quote_count","reply_count","retweet_count","favorite_count","lang","user_id_str","conversation_id_str","username","tweet_url","image_url","location"
"Sun Dec 03 04:18:27 +0000 2023","1731165980548898862","Pak SBY turun gunung di Jawa Timur untuk memenangkan Pak Prabowo!   Menangkan Prabowo ü´∞ Menangkan Demokrat üíô https://t.co/H8CspMxPY4","0","1","5","8","in","931419055549906944","1731165980548898862","Hasbil_Lbs","https://twitter.com/Hasbil_Lbs/status/1731165980548898862","https://pbs.twimg.com/ext_tw_video_thumb/1731165452045549568/pu/img/H3ds75G-aWGGHeDP.jpg","Jakarta Capital Region, Indone"
"Sun Dec 03 03:57:50 +0000 2023","1731160789707628938","Mari kita pensiunkan gaes  Pak prabowo sudah tua  jangan kasih beban yang berat lagi  kasian üò£üò£  We love you pak @prabowo https://t.co/fTLXAdylRk","1","8","13","26","in","947632364003368961","1731160789707628938","KangManto123","https://twitter.com/KangManto123/status/1731160789707628938","https://pbs.twimg.com/media/GAZRkExbIAAG_gw.jpg","Kerajaan, Indonesia"
"Sun Dec 03 02:42:34 +0000 2023","1731141848876601397","reaksiku ketika prabowo kalah lagi dan Jokowi sekeluarga masuk penjara https://t.co/Fvj5AnnbV1","2","7","25","102","in","1689095684895772672","1731141848876601397","anonjawa","https://twitter.com/anonjawa/status/1731141848876601397","https://pbs.twimg.com/media/GAZAN-ZbEAAUE8p.jpg","Jawa"
"Sun Dec 03 04:19:58 +0000 2023","1731166361169355050","dia muda nya ganteng dan kaya loh  kalo org lain mungkin udh nikah berkali2 kali ya... tapi dia setia bgt ü•≤  Wanita paling istimewa di hati pak prabowo..  Definisi setia pak Prabowo: Kalau tidak bisa bersamanya  maka tidak dengan siapapun‚ù§Ô∏è https://t.co/WRP0nNO6CI","0","0","2","3","in","1530146266822258688","1731166361169355050","zy_zy_its_me","https://twitter.com/zy_zy_its_me/status/1731166361169355050","https://pbs.twimg.com/ext_tw_video_thumb/1731166106684157952/pu/img/roqShpwLbjd3nImj.jpg","DKI Jakarta, Indonesia"
"Sun Dec 03 02:57:50 +0000 2023","1731145691882508576","Suara Masif untuk Prabowo-Gibran  Seperti kebohongan  penyalahgunaan kekuasaan menuntut penyalahgunaan kekuasaan lain untuk menutupinya.  #majalahtempo https://t.co/L79q0WHQvj https://t.co/vD2jsybkKT","24","34","172","346","in","88352716","1731145691882508576","temponewsroom","https://twitter.com/temponewsroom/status/1731145691882508576","https://pbs.twimg.com/media/GAZBIhNawAAJV_J.jpg","Indonesia"
"Sun Dec 03 01:22:42 +0000 2023","1731121751512555867","Pak Prabowo Bersama Pendukung Beliau Yang Sekaligud Antek¬≤ Israel.   Pasti Kampret¬≤ Bangga karena bisa satu Gerbong dengan Abu Janda.   Oh iya  kampret¬≤ duduk sebelah mana  ya? Kok ga kelihatan? https://t.co/Ysf7h978Kk","0","8","27","40","in","1566046733918150656","1731121751512555867","zen_arnaout","https://twitter.com/zen_arnaout/status/1731121751512555867","https://pbs.twimg.com/media/GAYuDvTakAAYayM.jpg",""
"Sat Dec 02 09:54:39 +0000 2023","1730888197113250024","Memang ini waktunya mendukung pak prabowo. Ayo semua bergabung. !! https://t.co/55ldfzoWgH","38","311","70","295","in","120968478","1730888197113250024","Fahrihamzah","https://twitter.com/Fahrihamzah/status/1730888197113250024","https://pbs.twimg.com/ext_tw_video_thumb/1730888097653796864/pu/img/B5lseRRQSZvgRAn4.jpg","Jakarta"
"Sat Dec 02 16:47:25 +0000 2023","1730992073644597485","Harusnya dia ngomong: angka yg luar biasa. Tidak banyak orang yg bisa mencapai usia 89 tahun. Bonusnya sudah banyak. Getooo Genjer! Beda Ganjar  anis  Prabowo....Ganjar seperti menghina orang tua usia 89 tahun https://t.co/G9D2zF6KKd","1","2","6","24","in","1530146266822258688","1730992073644597485","zy_zy_its_me","https://twitter.com/zy_zy_its_me/status/1730992073644597485","https://pbs.twimg.com/ext_tw_video_thumb/1730991732660314112/pu/img/LmSTgML235faxBFF.jpg","DKI Jakarta, Indonesia"
"Sun Dec 03 04:21:47 +0000 2023","1731166817501290913","Kubu Prabowo cuma mikirin beli SUARA  nggak peduli DEMOKRASI... https://t.co/maeSu3rsId","0","1","3","7","in","797761417894051840","1731166817501290913","MarahIchsan","https://twitter.com/MarahIchsan/status/1731166817501290913","https://pbs.twimg.com/ext_tw_video_thumb/1731166764556505088/pu/img/zK5ukvEIeJQgcMRr.jpg",""
"Sat Dec 02 14:00:44 +0000 2023","1730950127509184978","Tolong jangan kasih tau Pak @prabowo ü§´ https://t.co/E8yaQKVVhs","3","5","62","178","in","1157723622284263424","1730950127509184978","Twillight_Loid","https://twitter.com/Twillight_Loid/status/1730950127509184978","https://pbs.twimg.com/ext_tw_video_thumb/1730950098572705792/pu/img/dGh1Pp29Ic6cK4ng.jpg","Denpasar, Bali"
"Sun Dec 03 01:22:01 +0000 2023","1731121578308678012","Selamat pagi sobat xland     Berpolitik secukupnya  Ber kawan selamanya üòä  Mari kita sukseskan pemilu 14 feb 2024  Hemat anggaran Prabowo Gibran menang satu putaran ü´∞ https://t.co/ogKkSY8fmb","4","15","16","32","in","815290931003826176","1731121578308678012","blantik_pedhet1","https://twitter.com/blantik_pedhet1/status/1731121578308678012","https://pbs.twimg.com/media/GAYt5qmbEAAWtSX.jpg","DKI Jakarta, Indonesia"
"Sun Dec 03 04:04:36 +0000 2023","1731162494339870863","Temuan PS soal Food Estate. PS yg dimaksud disini Partai Socmed yaa bukan Prabowo Subianto..bukan..!! https://t.co/998DaQf7Wi","0","0","7","11","in","228628424","1731162494339870863","AirinDatangLagi","https://twitter.com/AirinDatangLagi/status/1731162494339870863","https://pbs.twimg.com/media/GAZTHVDbEAA9s4a.jpg","√úT: -6.1389099,106.7214539"
"Fri Dec 01 13:20:51 +0000 2023","1730577703508779090","Semua bisa diatur...Tenang pak Prabowo  saya sudah ada di sini.  üòÅüòÅü§≠ https://t.co/gBHvmnUCIB","59","367","433","1467","in","84221579","1730577703508779090","narkosun","https://twitter.com/narkosun/status/1730577703508779090","https://pbs.twimg.com/media/GAQ_Pvbb0AAK6ED.jpg","Indonesia"
"Sun Dec 03 02:12:31 +0000 2023","1731134288580755470","Apa saja manfaat makan siang dan susu gratis programnya pak  @prabowo @gibran_tweet  ?  Cekidot. https://t.co/apaY3qne4N","0","2","7","14","in","1347031551771430912","1731134288580755470","genx36545403","https://twitter.com/genx36545403/status/1731134288580755470","https://pbs.twimg.com/media/GAY5crXaAAA9qZW.jpg","Tanjung Priok, Indonesia"
"Sat Dec 02 10:54:40 +0000 2023","1730903302400029179","Edun rahasia Prabowo dibuka Jokowi https://t.co/pbKvDGArYA","24","26","297","409","in","30201110","1730903302400029179","alisyarief","https://twitter.com/alisyarief/status/1730903302400029179","https://pbs.twimg.com/ext_tw_video_thumb/1730903261824319488/pu/img/a0E_IyF_xcovAeIv.jpg","-6.252543,106.806343"
"Sun Dec 03 04:10:38 +0000 2023","1731164010018668856","Perbandingan Pesan Prabowo dan Ganjar ke masing-masing Pendukungnya... https://t.co/GWD6a1Y2X0","1","3","3","15","in","797761417894051840","1731164010018668856","MarahIchsan","https://twitter.com/MarahIchsan/status/1731164010018668856","https://pbs.twimg.com/ext_tw_video_thumb/1731163950337933312/pu/img/Lg7o9T-xPGdNf741.jpg",""
"Sun Dec 03 01:15:04 +0000 2023","1731119827681735027","Eng Ing Eng  Ternyata bukan Paslon Prabowo-Gibran yang mengajukan pembatalan debat Cawapres  ternyata Paslon lainlah yang mengajukan penolakan debat Cawapres. https://t.co/GLkevtWH0h","17","118","50","105","in","1523245126784413696","1731119827681735027","Chaves1305","https://twitter.com/Chaves1305/status/1731119827681735027","https://pbs.twimg.com/ext_tw_video_thumb/1731119797260410880/pu/img/RcvgY3_vCHUqTymc.jpg",""
"Sun Dec 03 00:38:03 +0000 2023","1731110512531063191","Ayo gabung di Paslon Prabowo-Gibran ! Mari ber-kampanye riang gembira !!! https://t.co/Q6ouNygr9K","2","1","9","27","in","1653016001834000385","1731110512531063191","NilaWati375469","https://twitter.com/NilaWati375469/status/1731110512531063191","https://pbs.twimg.com/ext_tw_video_thumb/1731110475583377408/pu/img/BUVOs8Qcj42pz6mt.jpg",""
"Fri Dec 01 16:47:24 +0000 2023","1730629680712347705","Waduh  Apa Prabowo dan Jokowi mengkampanyekan Anies Presiden di kota Solo ya! https://t.co/rQia320s9A","14","20","88","153","in","964364028","1730629680712347705","iman100017","https://twitter.com/iman100017/status/1730629680712347705","https://pbs.twimg.com/ext_tw_video_thumb/1730629654086905858/pu/img/kru45h3zUbSd4qIp.jpg",""
"Sat Dec 02 23:54:51 +0000 2023","1731099640244945082","Ciri ciri orang ora konsisten salah satunya adalah : ketampol jejak digital sendiri.  Umumnya pendukung Prabowo.","10","54","130","529","in","1270980383761330176","1731099640244945082","Tan_Mar3M","https://twitter.com/Tan_Mar3M/status/1731099640244945082","",""
"Sun Dec 03 01:13:35 +0000 2023","1731119456930390336","Setelah kemarin sy posting foto Haikal Hasan yg hadir di acara kampanye Prabowo atau 02  byk yg menyimpulkan kelompok radikal kembali ada di sana semua.  Sepertinya ga begitu juga Krn faktanya Yusuf martak ada dibarisan Anies atau 01.  Makanya dr awal sy bilang  Ganjar Mahfud‚Ä¶ https://t.co/j6SE9718bj","4","97","94","298","in","154435354","1731119456930390336","ch_chotimah2","https://twitter.com/ch_chotimah2/status/1731119456930390336","https://pbs.twimg.com/media/GAYr-MgaoAAC5sc.jpg","Kalimantan Timur, Indonesia"
"Sun Dec 03 02:21:44 +0000 2023","1731136606311165985","Denny Siregar menjadi pengkritik Jokowi dan Ade Armando menjadi pendukung Prabowo adalah bagian dari komedi politik hari-hari ini.  Takada urusan dengan perubahan kesadaran. Takada kaitan dengan pergeseran nilai. Takada hubungan dengan keteguhan prinsip.  Ini hanya soal: ada‚Ä¶","19","51","230","719","in","478829168","1731136606311165985","denismalhotra","https://twitter.com/denismalhotra/status/1731136606311165985","","Bekasi Timur, Indonesia"
"Sat Dec 02 01:41:23 +0000 2023","1730764063217709537","WADUH   TAKUT KAMPANYE...  PRABOWO DAN GIBRAN DISEBUT MENGHINDAR DARI KAMPANYE....‚ÄºÔ∏è  #KPUKacungIstana #KPUKacungIstana üÜòüÜó https://t.co/lc0GvN9p0j","2","10","77","79","in","1679184284098367489","1730764063217709537","P3n99u94t_","https://twitter.com/P3n99u94t_/status/1730764063217709537","https://pbs.twimg.com/ext_tw_video_thumb/1730764012344991744/pu/img/W3NR126qd766VHRZ.jpg",""
"Sat Dec 02 02:16:21 +0000 2023","1730772861533724778","Tim Prabowo dan KPU jangan merendahkan Gibran sehingga debat Cawapres dihilangkan..  Gibran ini jagoan dalam berdebat..  Apa kalian ga takut Singapura dan Australia kesal karena alumninya ini kalian anggap ga berani debat seorang diri melawan Muhaimin dan Mahfud MD?! https://t.co/Hy1ki2kyIR","14","85","99","361","in","214159664","1730772861533724778","Paltiwest","https://twitter.com/Paltiwest/status/1730772861533724778","https://pbs.twimg.com/ext_tw_video_thumb/1730772743858376705/pu/img/zjdEL_MyyhDKNTFH.jpg","Medan dan Jakarta, Indonesia"
"Sun Dec 03 03:14:27 +0000 2023","1731149871829418103","Jd sebelum lembaga survey itu mensurvey masyarakat sblm di survei ada bantuan dulu diguyur lgsg spesifik ke arah responden.  Jk berpijak dr info ini. Jd paham kan kalian knp semua lembaga survei menangkan paslon prabowo. @Bambangelf @BangPino__ @bonnietriyana @chicohakim‚Ä¶ https://t.co/hcS72QeVfK","3","9","40","52","in","312049767","1731149871829418103","UmarSyadatHsb__","https://twitter.com/UmarSyadatHsb__/status/1731149871829418103","https://pbs.twimg.com/amplify_video_thumb/1731149707391676416/img/5mkrqob4YBJVZnrn.jpg","DKI Jakarta"
"Sun Dec 03 02:32:08 +0000 2023","1731139222478954541","Ini di NTB sappo  bukan Jawa Tengah tapi daerah lumbung suara Prabowo di pilpres kemarin.  Lihat sambutan luar biasa dari warga terhadap Ganjar yg sedang olah raga pagi  tanpa perlu bagi-bagi doorprize atau amplop.  Optimis kita akn kembali kalahkan Prabowo dan kelompok radikal. https://t.co/XS5Y7Geczx","0","2","54","120","in","1356517931887120384","1731139222478954541","Anak__Ogi","https://twitter.com/Anak__Ogi/status/1731139222478954541","https://pbs.twimg.com/ext_tw_video_thumb/1731139145362526208/pu/img/rEKur_XSXBa3Y-ef.jpg","Indonesia"
"Sun Dec 03 04:05:56 +0000 2023","1731162828575506521","Ketumnya arogan. Capresnya suka menghina profesi. Kampanye nya menjunjung demokrasi tapi selalu mengancam yg lain jika merasa dipojokkan.  Treaknya Orde Baru Reborn ke pasangan @prabowo @gibran tapi kelakuan kubu mereka sendiri mencerminkan OrBa.  Ini mah maling treak maling ü§ó https://t.co/BcQUTNeYWY","1","2","5","8","in","834268510939287552","1731162828575506521","ApriliaLin","https://twitter.com/ApriliaLin/status/1731162828575506521","https://pbs.twimg.com/ext_tw_video_thumb/1731162794522025985/pu/img/u1eJkasdtX9q8O3-.jpg","DKI Jakarta, Indonesia"
"Sat Dec 02 12:16:51 +0000 2023","1730923984122982593","Bersama Mas AHY  dan Kang Emil  Pak Prabowo Hari ini Kampanye Di Tasikmalaya   #PrabowoGibran https://t.co/w6wq61yqOo","5","38","33","95","in","1258626853541052421","1730923984122982593","ajengcute16__","https://twitter.com/ajengcute16__/status/1730923984122982593","https://pbs.twimg.com/ext_tw_video_thumb/1730923930398134272/pu/img/-bZa8v2STzcE7mgb.jpg","Dihati mu üíô"
"Sat Dec 02 11:44:43 +0000 2023","1730915899287441819","Seru ya kampanye hari pertama Pak Prabowo di tasikmalaya  ada Kang RK dan Mas AHY juga lho üòÉü´∞ https://t.co/fOSlLRYTYM","11","56","67","157","in","931419055549906944","1730915899287441819","Hasbil_Lbs","https://twitter.com/Hasbil_Lbs/status/1730915899287441819","https://pbs.twimg.com/ext_tw_video_thumb/1730915866995552256/pu/img/wOf4kzO7vdx80pya.jpg","Jakarta Capital Region, Indone"
"Sat Dec 02 03:22:24 +0000 2023","1730789485687025880","random banget sialan mimpi lahiran sesar tapi yang bedah prabowo","533","523","1230","12160","in","1118848545455394816","1730789485687025880","xxtravert","https://twitter.com/xxtravert/status/1730789485687025880","",""
"Fri Dec 01 11:48:19 +0000 2023","1730554414401036474","Mohon doa restu  Auranya menang besar  Rakyat nampaknya ingin Pak Prabowo-Gibran menang langsung. üôèüòÄü©µ https://t.co/RUDPIjdM5T","61","605","101","455","in","120968478","1730554414401036474","Fahrihamzah","https://twitter.com/Fahrihamzah/status/1730554414401036474","https://pbs.twimg.com/ext_tw_video_thumb/1730554367915470848/pu/img/QzC4qVtEHNxlMj65.jpg","Jakarta"
"Sat Dec 02 15:26:42 +0000 2023","1730971761876107409","Prabowo memang ORBA orang Banyumas   Dan ORLA  orang Langowan https://t.co/07e4fXGzCQ","0","1","4","23","in","2651602135","1730971761876107409","KEBUMENinLOVE","https://twitter.com/KEBUMENinLOVE/status/1730971761876107409","https://pbs.twimg.com/ext_tw_video_thumb/1730971708671299584/pu/img/Rkos16pIICEfUxiQ.jpg","Kebumen "
"Sat Dec 02 23:58:28 +0000 2023","1731100549733634332","pukulan untuk kubu Prabowo-Gibran:   1. skandal MK 2. riwayat penculik 3.  ngumpet saat uji publik 4. adanya pengakuan Agus Rahardjo dan Firli Bahuri soal intervensi kekuasaan di KPK; 5. liputan Tempo soal Polisi  Iriana dan Jokowi  Usman 6. debat cawapres dihilangkan 7. poster‚Ä¶","7","1","55","161","in","1296382061758955520","1731100549733634332","WinnerWave_","https://twitter.com/WinnerWave_/status/1731100549733634332","","Bandung, Indonesia"
"Sun Dec 03 02:19:55 +0000 2023","1731136150532968678","Jangan terlalu underestimate  meremehkan Gibran dalam debat capres cawapres  klo dalam debat di forum publik yang pertanyaanya variatif ya Gibran blm ada bukti tapi dalam debat KPU polanya berbeda  Dulu kita meremehkan Jokowi  bahwa Prabowo akan jauh unggul dalam debat ‚Ä¶","9","127","63","340","in","1068371293290946561","1731136150532968678","BosPurwa","https://twitter.com/BosPurwa/status/1731136150532968678","","Warteg"
"Sat Dec 02 10:07:21 +0000 2023","1730891395844722794","Kebersamaan Mas Ketum AHY &amp; Capres Pak Prabowo menyapa warga Tasikmalaya Jawa Barat   #DemokratBersamaPrabowo https://t.co/f8iLjXaYri","2","23","25","70","in","966528152955625472","1730891395844722794","AHYS14P","https://twitter.com/AHYS14P/status/1730891395844722794","https://pbs.twimg.com/media/GAVcjFIaEAAzs2U.jpg",""
"Sat Dec 02 21:45:55 +0000 2023","1731067193822220337","Ku yakin kau bisa.... Ku yakin kau bisa Menang... Kami selalu ada disini... Disini kami ada untukmu... Ku yakin kau bisa.... Ku yakin kau bisa menang... Kami selalu ada disini... Disini kami ada untukmu...  Yel yel Maung Bandung menggema menyambut Pak @prabowo di tanah Pasundan. https://t.co/qul76YIaq6","1","17","19","58","in","1603498565548277760","1731067193822220337","Kenikir27","https://twitter.com/Kenikir27/status/1731067193822220337","https://pbs.twimg.com/ext_tw_video_thumb/1731067132597923840/pu/img/gBZhNJ4H4XW3MID7.jpg","Duren Sawit, DKI, Indonesia"
"Fri Dec 01 10:56:57 +0000 2023","1730541486872412671","TANGAN BESI JOKOWI DI BALIK SUKSESI PRABOWO-GIBRAN....‚ÄºÔ∏è  #GibranBagi2DuitBawasluDiam #GibranBagi2DuitBawasluDiam üÜòüÜó https://t.co/DkhEdZfmmQ","5","5","84","78","in","1679184284098367489","1730541486872412671","P3n99u94t_","https://twitter.com/P3n99u94t_/status/1730541486872412671","https://pbs.twimg.com/ext_tw_video_thumb/1730541418979143680/pu/img/jushhuXj-1ctlNgG.jpg",""
"Fri Dec 01 22:34:55 +0000 2023","1730717136564478222","Kurang baek apa coba Prabowo sama kalian.demi menyenangkan hasrat kedengkian kalian beliau bukan hanya ORBA tapi jg ORLA.mental kerupuk mending gak usah coba2 serang beliau lahüòÇ gak kuat bro.  Beda kualitas sama capres kalian yang CENGENG dan BAPERAN itu üòÑ https://t.co/noWnBRotc7","10","36","30","95","in","1462319970184929284","1730717136564478222","G0mb4k","https://twitter.com/G0mb4k/status/1730717136564478222","https://pbs.twimg.com/ext_tw_video_thumb/1730717100216578049/pu/img/lqvY75rGsiHopE-K.jpg",""
"Fri Dec 01 19:04:26 +0000 2023","1730664169689714758","You‚Äôre always on my mind @prabowo ‚ù§Ô∏è‚ù§Ô∏è‚ù§Ô∏è‚úåüèº‚úåüèº‚úåüèº. #temanprabowosubiantoüá®üá≠‚úåüèº https://t.co/YxrM75wKfN","0","7","5","25","en","1695192728173187072","1730664169689714758","drReUtari08","https://twitter.com/drReUtari08/status/1730664169689714758","https://pbs.twimg.com/ext_tw_video_thumb/1730664123107864579/pu/img/o5FXKMq4aSxB8YID.jpg",""
"Sun Dec 03 01:42:01 +0000 2023","1731126612916310086","@adearmando61 Alasan saya tidak dukung prabowo krn alasan ini juga. https://t.co/yDZsIBFRjn","1","3","5","21","in","1336682407164985344","1731113916716241328","AsepToha1977","https://twitter.com/AsepToha1977/status/1731126612916310086","https://pbs.twimg.com/ext_tw_video_thumb/1731126593786122240/pu/img/fI368J1971L7ybMt.jpg","Cianjur, Indonesia"
"Sat Dec 02 02:09:22 +0000 2023","1730771104070037666","DOSA BESAR PENYALAH GUNAAN WEWENANG...  PRABOWO-GIBRAN DAN MAHFUD MD DIDESAK MUNDUR DARI JABATAN JELANG PILPRES....‚ÄºÔ∏è  #KPUKacungIstana #KPUKacungIstana üÜòüÜó https://t.co/fMiPn1pGfh","6","3","52","73","in","1679184284098367489","1730771104070037666","P3n99u94t_","https://twitter.com/P3n99u94t_/status/1730771104070037666","https://pbs.twimg.com/ext_tw_video_thumb/1730771077989863424/pu/img/LeaHUe9Zh16HRAcJ.jpg",""
"Sun Dec 03 00:51:07 +0000 2023","1731113799586099516",""Menhan Prabowo terduga korupsi pada kasus impor pesawat tempur.  Kenapa dia masih bebas nyapres? Apa gak ada yang lebih mampu daripada dia?" (NCW)  Ramaikan capres terduga korupsi!  #BenamkanPrabowoGibran  #BenamkanPrabowoGibran https://t.co/1ydxOEhMGc","3","3","107","149","in","1647311678160384007","1731113799586099516","MichelAdam7__","https://twitter.com/MichelAdam7__/status/1731113799586099516","https://pbs.twimg.com/ext_tw_video_thumb/1731113766593699840/pu/img/23RQNhLzwSoLWMTJ.jpg",""
"Fri Dec 01 16:59:07 +0000 2023","1730632629656186921","Tenang Pak Prabowo  semua sudah di atur sama bapak saya üëãüòé https://t.co/En63vp8XnV","3","10","35","97","in","1186243531037270017","1730632629656186921","msobri99","https://twitter.com/msobri99/status/1730632629656186921","https://pbs.twimg.com/media/GARxM9jaQAA470Q.jpg",""
"Sat Dec 02 10:17:32 +0000 2023","1730893955997524333","Manteb cawapres 02 nich... Kubu ongol2 ganjar sibuk debat debet debot... Gibran &amp; prabowo mah sibuk kerja kerja kerja... Joget gemoy aja yuukk ü§£ü§£ü´∞‚úåÔ∏è https://t.co/wCoPdg49nA","8","88","51","165","in","1014162160740528129","1730893955997524333","EricRicaldo","https://twitter.com/EricRicaldo/status/1730893955997524333","https://pbs.twimg.com/ext_tw_video_thumb/1730893902486659072/pu/img/GOwh4BvrAyG227Gj.jpg","Jakarta Selatan"
"Sun Dec 03 02:03:25 +0000 2023","1731131997358358993","Capres Prabowo Subianto: "Daripada Pidato   Mendingan Joget." - üòÖüòÖüòÖü§¶‚Äç‚ôÇÔ∏èü§¶‚Äç‚ôÇÔ∏è https://t.co/0ZAnoIsH2X","2","16","10","30","in","794509735282102272","1731131997358358993","Jayabay19479190","https://twitter.com/Jayabay19479190/status/1731131997358358993","https://pbs.twimg.com/ext_tw_video_thumb/1731131894035886080/pu/img/Y1InkYQKm8IIMLWS.jpg","Jakarta - Yogya - Rotterdam"
"Sun Dec 03 01:03:24 +0000 2023","1731116892809777168","Melihat pak Prabowo itu sebenarnya kasihan. Bagaimana tidak  pada  usianya yang senja itu beliau justeru menjadi alat berbagai kepentingan untuk mencapai tujuan.","7","45","25","144","in","1116041282126618624","1731116892809777168","MinmonPS7","https://twitter.com/MinmonPS7/status/1731116892809777168","","DKI Jakarta, Indonesia."
"Sun Dec 03 02:42:19 +0000 2023","1731141787618849161","Also Prabowo: https://t.co/pSfJTe8z2x","2","6","13","55","en","76984137","1731141787618849161","rayestu","https://twitter.com/rayestu/status/1731141787618849161","https://pbs.twimg.com/media/GAZARzwaAAAxZqO.jpg",""
"Sat Dec 02 05:29:29 +0000 2023","1730821468433645970","Rakyat sudah pintar gak mungkin memilih CAPRES pelanggar HAM  Dan CAWAPRES Hasil pelanggaran etik berat!!  Dulu kita memilih Jokowi supaya Prabowo tidak berkuasa!!  Sekarang tetap tidak memilih Prabowo walopun dengan embel-embel Penerus Jokowi!!  "Tabloid Propaganda Yang Masif Di‚Ä¶ https://t.co/gNHPmyWOpF","12","80","148","471","in","435004096","1730821468433645970","Aryprasetyo85","https://twitter.com/Aryprasetyo85/status/1730821468433645970","https://pbs.twimg.com/media/GAUc7g4boAAumnU.jpg","Central Java, Indonesia"
"Sat Dec 02 10:12:09 +0000 2023","1730892603288367611","INI BUKAN HANYA TENTANG PRABOWO GIBRAN.  TAPI JUGA TENTANG SUPER MEGA PROYEK ANTARA DUA KELUARGA SERAKAH. TUKANG KAYU &amp; TUAN TANAH.  SAAT INI TAK ADA ISTILAH 'KALAH'. CARA APAPUN AKAN MEREKA GUNAKAN. https://t.co/sbqqTkfihq","3","9","134","249","in","1556789140435324929","1730892603288367611","Kanjeng2022","https://twitter.com/Kanjeng2022/status/1730892603288367611","https://pbs.twimg.com/ext_tw_video_thumb/1730567163382231041/pu/img/8E7Bp_QM3ts058ug.jpg","Bumi Agung, Indonesia"
"Sat Dec 02 14:36:34 +0000 2023","1730959144138801573","Semua sayang Prabowo   #PrabowoGemoy https://t.co/rmkoIfKL5L","0","0","2","14","in","2651602135","1730959144138801573","KEBUMENinLOVE","https://twitter.com/KEBUMENinLOVE/status/1730959144138801573","https://pbs.twimg.com/ext_tw_video_thumb/1730934405068410881/pu/img/Qs4y7y16ht9VqK65.jpg","Kebumen "
"Sun Dec 03 00:42:29 +0000 2023","1731111629587406896","Prabowo kunci hubungan Indonesia-Israel.  Benamkan Prabowo Gibran.   Jangan pilih Prabowo Gibran kalau tidak ingin negara kalian dimakan Israel!  #BenamkanPrabowoGibran  #BenamkanPrabowoGibran https://t.co/TfBzBD9xnu","5","2","77","80","in","1647311678160384007","1731111629587406896","MichelAdam7__","https://twitter.com/MichelAdam7__/status/1731111629587406896","https://pbs.twimg.com/media/GAYk2c4acAATlv8.jpg",""
"Sun Dec 03 00:50:02 +0000 2023","1731113528264994947",""Polisi disuruh oleh Pak Lurah untuk memenangkan Prabowo Gibran dalam pemilu. Polisi menekan MK untuk loloskan Gibran." (Tempo Bocor Alus)  Catat! Ribuan polisi berjaga di gedung MK saat putusan MK 90 dan putusan MKMK dibacakan.  #BenamkanPrabowoGibran  #BenamkanPrabowoGibran https://t.co/gqrHXePvLr","1","3","23","26","in","1647311678160384007","1731113528264994947","MichelAdam7__","https://twitter.com/MichelAdam7__/status/1731113528264994947","https://pbs.twimg.com/ext_tw_video_thumb/1731113295959281664/pu/img/6jYO3OaZG4yUAenw.jpg",""
"Sat Dec 02 00:15:02 +0000 2023","1730742331727634597","Bran gibran elu ditanya anak muda terkait lapangan pkerjaan yg susah didapat knp jwb jd pengusaha ?  Modalnya dari bpak lu ? Gimna caramu memotivasi anak muda klo ngga demokratis pikirannya bro !   Yg satu prabowo jg rewel minta dana puluhan trilliun buat penguat senjata perang https://t.co/PO73Dtvmyt","3","30","27","192","in","1642040480300150784","1730742331727634597","putripangarep","https://twitter.com/putripangarep/status/1730742331727634597","https://pbs.twimg.com/media/GATU-GsaAAAwlqo.jpg","Kota Semarang, Jawa Tengah"
"Sat Dec 02 08:54:44 +0000 2023","1730873121807417359","Gibran adalah Jokowi 3 periode.  Jokowi minta perpanjangan masa jabatan  Bu Mega gak kasih. Jokowi minta dukungan 3 periode  Ibu gak kasih.  Akhirnya Jokowi majukan Gibran. Kalau Prabowo meninggal  Gibran naik  @Freed0mland5151 @NOTASLIMBOY Salam buat Gen Z  #KPUKacungIstana https://t.co/abDGfYrvTm","4","8","104","150","in","1647311678160384007","1730873121807417359","MichelAdam7__","https://twitter.com/MichelAdam7__/status/1730873121807417359","https://pbs.twimg.com/ext_tw_video_thumb/1730873060818112512/pu/img/dhbrig-GvcUzq_ds.jpg",""
"Sun Dec 03 02:49:55 +0000 2023","1731143699298742368","Heboh soal Limbad berpaling ini apakah pengalihan isu salah satu militan FPI gabung ke Tim Prabowo Gibran?! https://t.co/ouQ1cRZdK7","1","5","11","39","in","214159664","1731143699298742368","Paltiwest","https://twitter.com/Paltiwest/status/1731143699298742368","https://pbs.twimg.com/media/GAZCBQ2agAAzsAN.jpg","Medan dan Jakarta, Indonesia"
"Sun Dec 03 01:39:57 +0000 2023","1731126092424241569","Lho kok gtu sich Pak @prabowo? Katanya ingin terus berbakti dan mengabdi kepada bangsa dan negara  jadi presiden bukan jalan satu2nya untuk itu. Bisa fokus di bidang kemanusian  lingkungan dan lain-lain  Yang penting bereskan dulu niat! https://t.co/0yi5y42cbh","5","57","46","120","in","1068371293290946561","1731126092424241569","BosPurwa","https://twitter.com/BosPurwa/status/1731126092424241569","https://pbs.twimg.com/media/GAYyAdObUAAtgAj.jpg","Warteg"
"Sun Dec 03 03:40:31 +0000 2023","1731156432098316321","TAK BISA DIHINDARI SEMUA AKAN INDAH PADA WAKTUNYA  SEMUA SERBA AMIN...  MOMEN PENDUKUNG PRABOWO KETAWA KARENA MENG"AMIN"KAN....‚ÄºÔ∏è  #BenamkanPrabowoGibran #BenamkanPrabowoGibran üÜòüÜó https://t.co/dz5fqnjRrI","0","0","8","7","in","1679184284098367489","1731156432098316321","P3n99u94t_","https://twitter.com/P3n99u94t_/status/1731156432098316321","https://pbs.twimg.com/ext_tw_video_thumb/1731156378205736960/pu/img/eJK-LAJsr1hn8HyL.jpg",""
"Sat Dec 02 13:31:28 +0000 2023","1730942760478445853","Bersama capres P ‚Å¶@prabowo‚Å© n cawapres ‚Å¶@gibran_tweet‚Å© . Insya Allah menang dg gembira. Indonesia benar2 maju ke depan. https://t.co/TfZpMLN8KS","20","320","14","135","in","79139422","1730942760478445853","fadlizon","https://twitter.com/fadlizon/status/1730942760478445853","https://pbs.twimg.com/media/GAWLQyhbIAAMuyP.jpg","Indonesia"
"Fri Dec 01 23:39:33 +0000 2023","1730733403241333217","Prabowo UTANG bengkak 300 M   malah di acc Jokowi sampai 800 M https://t.co/0dnvqdUjqe","3","3","46","62","in","1538126868477399042","1730733403241333217","__PASMANTAP","https://twitter.com/__PASMANTAP/status/1730733403241333217","https://pbs.twimg.com/ext_tw_video_thumb/1730733297888866304/pu/img/mU0PWu39VwuiKuso.jpg",""
"Sat Dec 02 10:30:38 +0000 2023","1730897255069315210","Pantesan Ndak Sibuk Kampanye Membujuk Simpati Rakyat. . Prabowo Subianto : Insya Allah Kali Ini Menang  Karena  Ada Kekuatan Jokowi Dan LBP. . https://t.co/AWM57Ih7h4 . https://t.co/oLnxUDonzh","52","284","324","751","in","1603638553820684289","1730897255069315210","cobeh2022","https://twitter.com/cobeh2022/status/1730897255069315210","https://pbs.twimg.com/media/GAVh4Twa8AAaB3l.jpg",""
"Sat Dec 02 11:51:37 +0000 2023","1730917632751403049","ùôãùôöùô£ùôôùô™ùô†ùô™ùô£ùôú ùòºùôàùôÑùôâ ùôòùôöùôßùôôùôñùô® üáÆüá©üëç Terkait tuduhan terhadap pendukung AMIN melakukan hoax terhadap postingan ùê≠ùêûùê´ùêàùêßùêùùê¢ùê§ùêöùê¨ùê¢ ùê©ùê´ùê® -ùêãùêÜùêÅùêìùêê di gambar prabowo Gibran   dan harus di waspadai potensi keberpihakan kubu ùê©ùê´ùêöùêõùê®ùê∞ùê® ùê¢ùêßùê¢ ùê≠ùêûùê´ùê°ùêöùêùùêöùê©‚Ä¶ https://t.co/Bwyg2gyASZ","4","7","37","86","in","3252096199","1730917632751403049","jingle_batara","https://twitter.com/jingle_batara/status/1730917632751403049","https://pbs.twimg.com/media/GAV0aVXa0AAEavY.jpg","Wellington City, New Zealand"
"Fri Dec 01 19:35:25 +0000 2023","1730671963696492589","Ini Dia Yang Katanya Siap Debat Terpisah ... @gibran_tweet  Kabur .. Kabur ... Kabur ...!!! Bapakkkkkkkkkk .....!!!! Pamannnnnnnnn.... !!!! Emakkkkkkkkkkk.... !!!!  Tulunginnnnnnnn !!! ü§£ü§£ü§£ü§£ü§£ü§£ü§£ü§£ü§£ü§£ @prabowo Bapak Sehat üôÉüôÉüôÉ https://t.co/HqxGW6Rk1a","93","447","888","1442","in","1269807484174123008","1730671963696492589","ZulkifliLubis69","https://twitter.com/ZulkifliLubis69/status/1730671963696492589","https://pbs.twimg.com/ext_tw_video_thumb/1730671915810033664/pu/img/KUTexj-p04gs3A92.jpg",""
"Sun Dec 03 00:44:09 +0000 2023","1731112049533739352","Di depan dukung Palestina  di belakang bergandengan tangan Israel. Konstitusi RI anti penjajahan  Israel penjajah. Ndak cucok.  "The Jerusalem Post Ungkap Prabowo Kerjasama Pertanian dengan Israel"  Ramaikan!  #BenamkanPrabowoGibran  #BenamkanPrabowoGibran https://t.co/qCft3vSaeq","2","10","75","97","in","1647311678160384007","1731112049533739352","MichelAdam7__","https://twitter.com/MichelAdam7__/status/1731112049533739352","https://pbs.twimg.com/media/GAYlPC9aYAAYP8l.jpg",""
"Sun Dec 03 02:22:43 +0000 2023","1731136855226339608","Membludak!  Jalan sehat bersama pak @SBYudhoyono pagi ini di Kediri menyedot antusiasme warga untuk mendukung @prabowo dan mas @gibran_tweet di Pilpres 2024 nanti. @PDemokrat bergerak  Insha Allah satu putaran saja.  #KemenanganBersama2024 #DemokratS14P #DemokratBersamaPrabowo https://t.co/yTuXKdmrZC","0","3","12","18","in","1502286313445228546","1731136855226339608","PDemokratjkt","https://twitter.com/PDemokratjkt/status/1731136855226339608","https://pbs.twimg.com/ext_tw_video_thumb/1731136644231950336/pu/img/uSXZYARxmAj8Ath7.jpg","DKI Jakarta, Indonesia"
"Sun Dec 03 04:02:07 +0000 2023","1731161868549734662","Sll ada pilihan dlm hidup.  Pilihlah berdasarkan manfaat dan yg paling dibutuhkan buat masa depan kita  juga masa depan bangsa dan negara.  Masa depan tergantung dari pilihan kita semua. Jgn sampai salah pilih!  @prabowo dan @gibran_tweet adalah harapan. Happy Sunday all. https://t.co/ocDofmiv3q","1","5","9","12","in","1301242545888849921","1731161868549734662","Franken_blues","https://twitter.com/Franken_blues/status/1731161868549734662","https://pbs.twimg.com/ext_tw_video_thumb/1731161841513238528/pu/img/dnRKuPVdANJQrUmI.jpg","DKI Jakarta, Indonesia"
"Sun Dec 03 00:56:45 +0000 2023","1731115218821091676",""Sekitar awal tahun 2023  Iriana sudah safari ke keluarganya supaya pilpres nanti memilih Gibran."  Sementara Jokowi membisiki para buzzer bahwa presiden ke-8 adalah Prabowo.  Suami istri klop infonya.  #BenamkanPrabowoGibran  #BenamkanPrabowoGibran https://t.co/w2liecurAM","2","2","41","49","in","1647311678160384007","1731115218821091676","MichelAdam7__","https://twitter.com/MichelAdam7__/status/1731115218821091676","https://pbs.twimg.com/ext_tw_video_thumb/1731115131336364032/pu/img/yfD0nbBkR-OBgRSP.jpg",""
"Sun Dec 03 02:52:12 +0000 2023","1731144271942795426","Setuju dengan Muhaimin Iskandar kali sih   Gibran Pemimpin masa depan  2024 Prabowo- Gibran pastinya...üëçüëçüáÆüá©‚ù§Ô∏è   https://t.co/WAXDtITk5F","1","0","2","13","in","989495145077747714","1731144271942795426","LOVE_UM4M4","https://twitter.com/LOVE_UM4M4/status/1731144271942795426","https://pbs.twimg.com/ext_tw_video_thumb/1730880086457675776/pu/img/cegDID8tz3YGXPLS.jpg","Sweet Home"
"Fri Dec 01 18:20:26 +0000 2023","1730653096689406338","Sampai Dini Paham Kan ??  Kenapa Menteri @jokowi Bahlil Sangat Berapi Api Mensukseskan Paslon No 2  @prabowo @gibran_tweet https://t.co/SaZMXUn6Aq","10","10","128","160","in","1269807484174123008","1730653096689406338","ZulkifliLubis69","https://twitter.com/ZulkifliLubis69/status/1730653096689406338","https://pbs.twimg.com/ext_tw_video_thumb/1730653057174867968/pu/img/EiopiAirM-szNVw6.jpg",""
"Sat Dec 02 02:11:20 +0000 2023","1730771602609217784","Sama SiGemoy &amp; SiBocil aja takut? Istilah GEMOY dijadiin SERANGAN untuk pak prabowo? Yakali deh gaada bahan lain kaliya buat nyerang pak Prabowo üòÅüòÅ https://t.co/lKU8VPWdZC","7","92","23","95","in","1523245126784413696","1730771602609217784","Chaves1305","https://twitter.com/Chaves1305/status/1730771602609217784","https://pbs.twimg.com/ext_tw_video_thumb/1730771520396664832/pu/img/NPztqyRjLuzYq0tZ.jpg",""
"Sat Dec 02 09:47:29 +0000 2023","1730886394711777449","Antusias masyarakat Tasikmalaya-Jabar tak terbendung saat Prabowo hadir di kampanye perdana!  #prabowo #gibran #prabowogibran #mendingprabowo #terusmajubersamaprabowo #dekade08 #bersamaindonesiamaju #kampanyeperdana #tasikmalaya #jawabarat https://t.co/DTOWBA2Rz7","13","40","68","182","in","1576913175227748352","1730886394711777449","dekade_08","https://twitter.com/dekade_08/status/1730886394711777449","https://pbs.twimg.com/ext_tw_video_thumb/1730886240948596736/pu/img/naz6wKrcpKl9CCOI.jpg","DKI Jakarta, Indonesia"
"Sun Dec 03 03:03:18 +0000 2023","1731147066465005707","REBUT KEMBALI DEMOKRASI  DEMOKRASI KITA TELAH DIRAMPAS OLEH PRABOWO DAN KELUARGA JOKOWI...  MARI BERSATU UNTUK MEREBUT KEMBALI DEMOKRASI YANG TELAH DIREBUT DAN DIKOYAK KOYAK....‚ÄºÔ∏è  #BenamkanPrabowoGibran #BenamkanPrabowoGibran üÜòüÜó https://t.co/4RpD38EhnQ","0","0","5","7","in","1355501823864561668","1731147066465005707","Jatayu_45back","https://twitter.com/Jatayu_45back/status/1731147066465005707","https://pbs.twimg.com/ext_tw_video_thumb/1731146991768596480/pu/img/06USXYIUL0zIjwDd.jpg","Tanah Abang, Indonesia"
"Sat Dec 02 08:18:08 +0000 2023","1730863907420664254","Info terbaru  Prabowo fix tidak mau menghadiri acara diskusi publik yang akan membahas kebijakan politik luar negeri Indonesia.  Prabowo diajak lomba joget ajojing aja. üòÇ https://t.co/4wHn6lyUL7","4","26","108","315","in","1101696077147729920","1730863907420664254","03__nakula","https://twitter.com/03__nakula/status/1730863907420664254","https://pbs.twimg.com/media/GAVDjPraYAErfXi.jpg",""
"Sun Dec 03 02:32:48 +0000 2023","1731139389353538047","Partai Anak Muda Tapi Boneka Generasi Tua  - Ketua Umumnya Tuna Sejarah Orde Baru. - Calegnya yang Dosen Fisip UI Tuna Sejarah Keistimewaan Yogyakarta. - Pengurus dan Kadernya Yang aktivis 98 Tuna Sejarah Prabowo penculik aktivis 98.  Yang beginian mau dipercaya masuk Senayan?!","2","19","62","150","in","214159664","1731139389353538047","Paltiwest","https://twitter.com/Paltiwest/status/1731139389353538047","","Medan dan Jakarta, Indonesia"
"Sun Dec 03 00:35:54 +0000 2023","1731109971633508465","Jijik banget liat pendukung Prabowo.  Rendah literasi minim minat baca Analisa dangkal...  Astaghfirullah...  Tapi beneran jijik..  Astaghfirullah","3","15","6","57","in","1336862676983562240","1731109971633508465","GaTypoLagi","https://twitter.com/GaTypoLagi/status/1731109971633508465","","Selat Malaka Bukan Sumatera"
"Sat Dec 02 02:17:28 +0000 2023","1730773144615755830","Prabowo Jadi Menteri Terbaik  Maksudnya Terbaik Habisin Dana Negara?  Oleh : Randaru Sadhana  Alkisah teman saya yang kaya raya  memakai uangnya tanpa khawatir akan habis di masa mendatang. Dia punya mesin uang sendiri yakni lewat perusahaan-perusahaan keluarganya. Ya semacam‚Ä¶ https://t.co/dqJmgNLZJL","12","2226","1241","1788","in","48359478","1730773144615755830","Melihat_Indo","https://twitter.com/Melihat_Indo/status/1730773144615755830","https://pbs.twimg.com/media/GATw_-mbcAA-tvU.jpg","Indonesia"
"Sat Dec 02 22:39:27 +0000 2023","1731080667302330432","Alasan  Ade Armando Tidak Mungkin Dukung Prabowo https://t.co/rRaCjGPC19","9","29","95","143","in","1603638553820684289","1731080667302330432","cobeh2022","https://twitter.com/cobeh2022/status/1731080667302330432","https://pbs.twimg.com/ext_tw_video_thumb/1731080544493121537/pu/img/jiSGp-MufMR7T_2y.jpg",""
"Sat Dec 02 08:32:24 +0000 2023","1730867498357293333","Rekonsiliasi  Jokowi - Prabowo adalah kecolongan terbesar yg mereka tidak kehendaki. üôèüòÄü©µ https://t.co/HnSF9IlgYk","30","231","125","343","in","120968478","1730867498357293333","Fahrihamzah","https://twitter.com/Fahrihamzah/status/1730867498357293333","https://pbs.twimg.com/ext_tw_video_thumb/1730867443810365440/pu/img/tMFe_yaLFKanlDtg.jpg","Jakarta"
"Sat Dec 02 12:13:51 +0000 2023","1730923227344728276","Ngutang segitu dapat fee nya berapa om @prabowo ?","4","28","230","540","in","1682627008017350657","1730923227344728276","Resty_J_Cayah","https://twitter.com/Resty_J_Cayah/status/1730923227344728276","",""
"Sun Dec 03 01:20:04 +0000 2023","1731121086367207424","Hihihi üòÅ niat hati mo pencitraan ke mahasiswa  dateng ke wisuda Univ Flores Ende NTT   Malah di treakin PRABOWO ‚ÄºÔ∏è  Apes nian capres 03 ü§≠ https://t.co/O7MElJbev4","2","6","9","22","in","1604408934525464576","1731121086367207424","xquitavee","https://twitter.com/xquitavee/status/1731121086367207424","https://pbs.twimg.com/ext_tw_video_thumb/1731121007560478720/pu/img/_1KNG5mQDoy1YJxZ.jpg","Hokota-shi, Ibaraki"
"Sat Dec 02 23:01:49 +0000 2023","1731086295018143981","Lawan kampanye hitam yang menghantam Prabowo Gibran dengan semangat persaudaraan. https://t.co/9NiaK5JKlB","1","9","23","45","in","222348442","1731086295018143981","hariqosatria","https://twitter.com/hariqosatria/status/1731086295018143981","https://pbs.twimg.com/ext_tw_video_thumb/1731086255755325441/pu/img/bafMXiQTVnw4Vok6.jpg","INDONESIA"
"Sun Dec 03 04:03:45 +0000 2023","1731162281143414920","Seru banget para artis &amp; influencer dijamu makan siang bersama Pak @prabowo dlm suasana hangat &amp; gembira   Mrk sangat senang bertemu dgn beliau yg punya kepribadian yg ramah &amp; mau mendengarkan aspirasi anak muda   Gue Salfok Rayyanza yg tahu nama Pak Prabowoü§©  Caiyo Prabowo üí™‚úåÔ∏è https://t.co/tJ6hMmKgdk","0","7","15","25","in","1211153840122155008","1731162281143414920","alextham878","https://twitter.com/alextham878/status/1731162281143414920","https://pbs.twimg.com/ext_tw_video_thumb/1731162205033517056/pu/img/jCBuOEB0h9agoyny.jpg","Samarinda"
"Sun Dec 03 01:07:35 +0000 2023","1731117947203289355","Prabowo Subianto mengaku akan pensiun jika kembali kalah dalam Pilpres. Dia akan mengisi waktu dengan naik gunung. https://t.co/wL3Vkg2oGu","230","679","381","850","in","23343960","1731117947203289355","kompascom","https://twitter.com/kompascom/status/1731117947203289355","","Jakarta"
"Sat Dec 02 08:30:24 +0000 2023","1730866995070189580","Prabowo bener¬≤ bangke  malu¬≤in pendukungnya aja  tiap diajak diskusi publik gak mau hadir. Wo Prabowo kalo otak lo emang gak bisa dipakai mikir mending mundur aja  gak usah ikutan nyapres  ikut lomba joget sama lomba balita sehat aja. #OrdeBaruReborn https://t.co/S13uRZBUod","10","42","142","425","in","1463720993176784901","1730866995070189580","Omnya_Gibran","https://twitter.com/Omnya_Gibran/status/1730866995070189580","https://pbs.twimg.com/media/GAVGWwnaAAA5__K.jpg",""
"Sun Dec 03 04:25:44 +0000 2023","1731167811916222731","Prabowo Disambut Lantunan Shalawat di Ponpes Miftahul Huda Tasikmalaya https://t.co/BB7k5btFNt","0","1","0","0","in","1607710462120202241","1731167811916222731","DKliktivisme","https://twitter.com/DKliktivisme/status/1731167811916222731","https://pbs.twimg.com/media/GAZX8o2bwAAzpw2.jpg",""
"Sat Dec 02 14:52:32 +0000 2023","1730963164874105051","Emang boleh hutang luar negeri ditambah? IKN dilanjutkan? Kereta Cepat? Food Estate?  Anda mau nanya apa sama @prabowo? https://t.co/GcRlgQTyn6","2","3","3","9","in","55300590","1730963164874105051","ethadisaputra","https://twitter.com/ethadisaputra/status/1730963164874105051","https://pbs.twimg.com/ext_tw_video_thumb/1730962415305814016/pu/img/KM1cUjgYkcYo5_EO.jpg","√úT: 6.307611,6.744946"
"Sat Dec 02 08:54:13 +0000 2023","1730872990685102265","Pendukung PRABOWO GIBRAN Mulai Kepedean Di Twitter. Apalagi Masuk Beberapa Influencer. Tapi Percayalah TWITER itu Di DOMINASI  Pendukung "AMIN". ‚úÖ Setuju üëâ  RT","7","21","1301","1042","in","1335552103457034240","1730872990685102265","sobat_anies","https://twitter.com/sobat_anies/status/1730872990685102265","","Surakarta, Jawa Tengah"
"Sun Dec 03 00:36:26 +0000 2023","1731110106807345164","President Soeharto was informed about this by Prabowo and Sri Edi Swasono  he navigated the mission  but he avoided a direct involvement for obvious reasons. https://t.co/iC5Ulb36jZ","0","1","4","23","en","3397784127","1731110081553371593","dynaresam","https://twitter.com/dynaresam/status/1731110106807345164","https://pbs.twimg.com/media/GAYSWRfWYAASqin.png","Alpes Illyricae ‚ò™Ô∏é/‚öú"
"Sat Dec 02 06:48:08 +0000 2023","1730841261672923608","Survei Y-Publica: @prabowo - Gibran menang dengan suara 50 2 persen  @PartaiSocmed @GuspaIrawan2 @Jingga291165 @babycomedrolo @AndySebayang_  #PrabowoGibran #PrabowoGibran2024 #MendingPrabowo #TerusMajuBersamaPrabowo #Dekade08 #Pilpres2024 #Pemilu2024 #allinprabowo https://t.co/ih68OtljTI","0","355","408","396","in","1271841400527548417","1730841261672923608","mapplecrush","https://twitter.com/mapplecrush/status/1730841261672923608","https://pbs.twimg.com/media/GAUu898bQAA-sLl.jpg",""
"Fri Dec 01 15:06:16 +0000 2023","1730604231638606133","@adearmando61 Urat malu udah putus apa @adearmando61 ? Hapus dulu jejak digital loe kalau mau dukung prabowo Jgn buat malu donk sebagai kader psi ? https://t.co/oDbBAHxJSH","0","5","6","42","in","2250584371","1730580384528925124","daulatsiregar40","https://twitter.com/daulatsiregar40/status/1730604231638606133","https://pbs.twimg.com/media/GARXXtBbwAAzCet.jpg","Bogor, Jawa Barat"
"Sat Dec 02 16:49:24 +0000 2023","1730992572758372511","Kedatangan Pak Ganjar di acara wisuda di Universitas Flores Ende - NTT (02 Desember 2023). Mahasiswa/i Universitas Flores Ende tetap meneriakan "PRABOWO". #prabowo #indonesia https://t.co/3ISM0x1aCJ","2","8","12","44","in","1523245126784413696","1730992572758372511","Chaves1305","https://twitter.com/Chaves1305/status/1730992572758372511","https://pbs.twimg.com/ext_tw_video_thumb/1730992538553892864/pu/img/7yj-esU3tBODriSk.jpg",""
"Sun Dec 03 03:39:20 +0000 2023","1731156136169185291","Jakarta - Ketum PSI Kaesang Pangarep dan politikus PSI Ade Armando menghadiri deklarasi Organisasi Pandawa Lima untuk pasangan Prabowo-Gibran. Prabowo sempat bercanda meminta Ade tenang lantaran kini sudah menjadi hopeng alias teman. "Hadir juga di sini ketua umum PSI Saudara‚Ä¶ https://t.co/StQoJjfUpN","3","3","3","4","in","1567574553634951171","1731156136169185291","prakaharjya","https://twitter.com/prakaharjya/status/1731156136169185291","https://pbs.twimg.com/media/GAZNVIkagAAU1w7.jpg","Indonesia, Kalimantan Barat"
"Sat Dec 02 11:48:17 +0000 2023","1730916794716901535","Gimana nih Menhan Prabowo Subianto? Makanya jangan joget2 mulu macam badut idiot  Cawapresnya gak usah ditanya pasti lebih parah jawabannya  #KPUKacungIstana #KPUKacungIstana","2","2","10","17","in","1630573716169170944","1730916794716901535","Freed0mland5151","https://twitter.com/Freed0mland5151/status/1730916794716901535","",""
"Fri Dec 01 12:14:15 +0000 2023","1730560940188577848","‚ÄúGemoy‚Äù hanyalah ungkapan cinta dari publik untuk Pak Prabowo. Anak muda pasti cukup pintar untuk mengerti bahwa Pak Prabowo adalah orang penuh gagasan. Followers Om Dewan setuju?  #PrabowoGibran #MenangSatuPutaran #HabiburokhmanDPRRI #Gerindra https://t.co/s0EhUgs5By","6","62","10","50","in","70412517","1730560940188577848","habiburokhman","https://twitter.com/habiburokhman/status/1730560940188577848","https://pbs.twimg.com/ext_tw_video_thumb/1730560768549203968/pu/img/kyigPHLIQdxlJl-I.jpg",""
"Sat Dec 02 12:11:57 +0000 2023","1730922752750854159","@Resty_J_Cayah Cara terbaik menghormati paslon 02 adalah manggil "Mbah Prabowo" yg setuju like üòä  Mulai saat ini panggilnya mbah aja ya https://t.co/Jg4AVIGrG9","0","7","7","59","in","197711564","1730909054338478579","menkosaurus","https://twitter.com/menkosaurus/status/1730922752750854159","https://pbs.twimg.com/media/GAV5EirbcAAN5Xt.jpg","Waktu Indonesia Berduka (WIB)"
"Fri Dec 01 14:25:38 +0000 2023","1730594004222554194","Ugram is trending at 8th position ü§£ü§£  #SalaarTrailerDay #SalaarTrailer #Prabowo https://t.co/ms7QdKfZaA","0","1","8","19","en","1671146708632473601","1730594004222554194","Hacker_SRKian","https://twitter.com/Hacker_SRKian/status/1730594004222554194","https://pbs.twimg.com/media/GAROE2BagAAcv8f.jpg",""
"Sat Dec 02 19:11:21 +0000 2023","1731028294768971860","CIRI KEJI OTORITER MUNCUL DI PRABOWO-GIBRAN:PENDIDIKAN MAU DIGANTI MAKANAN  #JokowiPredatorPemilu2024   FinalPildunU17 Menit #EURO2024 Germany Capek Lihatcara Jahat Tokyo Verdy #MulutManisAnis #JulidFiSabilillah Arsenal #IsraelWarCrimes https://t.co/KrDhdyzHCG","4","12","22","63","in","1708784338383536128","1731028294768971860","remihime28469","https://twitter.com/remihime28469/status/1731028294768971860","https://pbs.twimg.com/ext_tw_video_thumb/1731027883857231872/pu/img/TzS_DKvn_WGfPn1b.jpg",""
"Sat Dec 02 14:19:38 +0000 2023","1730954885292781763","Sama Kyai Emosian Sifat Asli Prabowo yang Temperamental tapi pura-pura Gemoy Terbongkar Sudah Dramanya  Malam Minggu Dirumah Jeha Tokyo Verdy Capek Lihatcara Jahat Malming #JulidFiiSabilillah #LoveStory Hanggini Cape Town https://t.co/RI4e2mtBgH","3","15","23","78","in","1688764878750896128","1730954885292781763","AlirizaParadina","https://twitter.com/AlirizaParadina/status/1730954885292781763","https://pbs.twimg.com/ext_tw_video_thumb/1730954699535478784/pu/img/G3qdbxbA1PdcA2SZ.jpg",""
"Sat Dec 02 07:18:35 +0000 2023","1730848924238553267","@ZulkifliLubis69 @gibran_tweet @prabowo Gen Z aja nolak  kok ngaku wakil gen Z.. https://t.co/zoSOIyAV45","0","2","16","51","in","1017216819176734720","1730671963696492589","z_bantuly","https://twitter.com/z_bantuly/status/1730848924238553267","https://pbs.twimg.com/ext_tw_video_thumb/1730848857251344384/pu/img/NTJYfK20rxILWdwD.jpg","Kota Surabaya, Jawa Timur"
"Sun Dec 03 01:53:30 +0000 2023","1731129501202129124","Wuah wuah  ternyata hutang nya Kemenhan Prabowo paling besar y  belanjanya g kaleng2 loh  sampai2 lupa dgn produk dlm negeri   Makan siang gratis plus susunya  eh g tahunya bakalan ada penggunaan dana pendidikan dan bansos yg di pakai untuk makan gratis plus susu.ü§üüáÆüá© https://t.co/NM0sn0GH9y","1","1","8","14","in","1978790995","1731129501202129124","LaingenLisa","https://twitter.com/LaingenLisa/status/1731129501202129124","https://pbs.twimg.com/ext_tw_video_thumb/1731129402023698432/pu/img/1EXPDx5m5TK5WuYs.jpg","Bekasi-Jawa Barat-Indonesia"
"Fri Dec 01 13:09:38 +0000 2023","1730574878577942539","Jejak Digital Memang Kejam   Berjudul " "Si Bangsat Mohon Maaf."  Cc : Pendukung @prabowo https://t.co/FKyJdULzro","3","6","55","67","in","1269807484174123008","1730574878577942539","ZulkifliLubis69","https://twitter.com/ZulkifliLubis69/status/1730574878577942539","https://pbs.twimg.com/ext_tw_video_thumb/1730574834713894912/pu/img/oJjA2qsdiTUECE7x.jpg",""
"Sat Dec 02 16:11:03 +0000 2023","1730982923782991988","Biarin ajalah .   gw yakin pendukungnya dgn merendah Nabi spt itu capresnya @prabowo bakal kalah lagi","0","3","38","109","in","1682627008017350657","1730982923782991988","Resty_J_Cayah","https://twitter.com/Resty_J_Cayah/status/1730982923782991988","",""
"Sat Dec 02 12:51:34 +0000 2023","1730932721621549425","@Dennysiregar7 Tenang saja Pak Prabowo saya sudah ada disini...Bapak saya owi yang akan mengatur semua nya !!! https://t.co/lH7QYpqLQf","0","7","5","40","in","1335487303364407299","1730771388385177784","SniperDroen_","https://twitter.com/SniperDroen_/status/1730932721621549425","https://pbs.twimg.com/media/GAWCIyxbcAAv55b.jpg","PLANET MARS"
"Sun Dec 03 02:34:28 +0000 2023","1731139811443101859","Hoax lagi dari BuzzeRP Prabowo Gibran ‚ùó https://t.co/9L3PyF9fvc","1","1","11","22","in","1356517931887120384","1731139811443101859","Anak__Ogi","https://twitter.com/Anak__Ogi/status/1731139811443101859","https://pbs.twimg.com/media/GAY-ee0bQAAGz3K.jpg","Indonesia"
"Sat Dec 02 08:08:04 +0000 2023","1730861374916694414","Prabowo lagi2 GA BERANI datang di forum2  padahal ini forum internasional yang pesertanya anak muda  Mungkin dia TAKUT  takut ditanya yang aneh2 terutama soal anak muda  masa jawabannya makan siang gratis dan susu wkwkwk  Terimakasih utk pak Ganjar dan Abas yang BERANI tampil di‚Ä¶ https://t.co/2c0nEiz5mQ","16","148","229","839","in","1102461866129776640","1730861374916694414","Miduk17","https://twitter.com/Miduk17/status/1730861374916694414","https://pbs.twimg.com/media/GAVBPa2bQAAiWM2.jpg","DKI Jakarta, Indonesia"
"Sun Dec 03 01:13:20 +0000 2023","1731119390610047082","Mahkotanya Jokowi udah diambil lagi belum yah?  Sama dengan piagam kebohongan terlebay Prabowo dari @psi_id sudah ditarik belum?  Berpolitik kok super oportunis gini  sama sekali ga punya kandungan ideologis ü§Æ https://t.co/qee6qDxu3e","0","3","15","38","in","904714474132606977","1731119390610047082","HensuAja","https://twitter.com/HensuAja/status/1731119390610047082","https://pbs.twimg.com/media/GAYrtXpbUAAV8bL.png","DKI Jakarta, Indonesia"
"Sat Dec 02 11:55:38 +0000 2023","1730918645147267450","Buset konfrensi ginian paling ga prabowo as menhan dateng lah  masa kaga üòÇüòÇüòÇ","1","44","168","923","in","1448080308","1730918645147267450","strike_bravo_b","https://twitter.com/strike_bravo_b/status/1730918645147267450","","Indonesia "
"Sun Dec 03 00:36:29 +0000 2023","1731110118945673348","Purchasing weapons on behalf of the state was too risky at that time  as it would violate international law and the decision of the UN Security Council. Hence  he opted to take personal responsibility for the mission  with the trust of Hilmi and Prabowo  who secured the funding. https://t.co/luikEVw7B1","1","3","8","30","en","3397784127","1731110081553371593","dynaresam","https://twitter.com/dynaresam/status/1731110118945673348","https://pbs.twimg.com/media/GAYWdC0WoAATGea.jpg","Alpes Illyricae ‚ò™Ô∏é/‚öú"
"Sat Dec 02 11:38:52 +0000 2023","1730914425333522634","Prabowo-Gibran Menang Satu Putaran  üí™üòé  #PartaiPBB #PBB #PrabowoGibran2024  #PBBMenangRakyatSenang https://t.co/Rd69eXCgnP","2","17","11","50","in","1073425152","1730914425333522634","OfficialDPP_PBB","https://twitter.com/OfficialDPP_PBB/status/1730914425333522634","https://pbs.twimg.com/ext_tw_video_thumb/1730914374603452416/pu/img/qaqm-qe58YWZvM_q.jpg","Jakarta Raya -  Indonesia"
"Sun Dec 03 02:54:51 +0000 2023","1731144940565189064",""Menhan Prabowo terduga korupsi pada kasus impor pesawat tempur.  Kenapa dia masih bebas nyapres? Apa gak ada yang lebih mampu daripada dia?" (NCW)  #BenamkanPrabowoGibran  #BenamkanPrabowoGibran https://t.co/OPq3Ipk4IP","0","1","6","9","in","1373967328979787779","1731144940565189064","bianca01403","https://twitter.com/bianca01403/status/1731144940565189064","https://pbs.twimg.com/ext_tw_video_thumb/1731144874110623744/pu/img/FHdim4Aqlvv5UPD3.jpg",""
"Sat Dec 02 06:04:37 +0000 2023","1730830310223602005","Usai Bagikan 7.000 Nasi Kotak ke Santri  Prabowo Minta Didoakan Jadi Presiden https://t.co/GriJnafjnb","104","664","61","352","in","55507370","1730830310223602005","tvOneNews","https://twitter.com/tvOneNews/status/1730830310223602005","","Pulo Gadung, Indonesia"
"Sat Dec 02 03:54:50 +0000 2023","1730797646816911713","Fyi Luhut sekarang gabung Prabowo tum https://t.co/Z05JzEZONG","2","13","87","317","in","1511711507301605383","1730797646816911713","Kuramaisme","https://twitter.com/Kuramaisme/status/1730797646816911713","https://pbs.twimg.com/media/GAUHSIVbkAAkhND.jpg","Los Konoha, INA"
"Sat Dec 02 12:04:51 +0000 2023","1730920963750216054","@PartaiSocmed Tolong di sampaikan tum ke tim  agar mendesak pak prabowo untuk meluangkan waktu hadir.  Masak cuma 2 lagi yg datang  ini bidang keahlian pak prab lho https://t.co/0EPFA5IeZc","0","2","2","16","in","1598398133225988096","1730893344367337738","iqbalas37165711","https://twitter.com/iqbalas37165711/status/1730920963750216054","https://pbs.twimg.com/media/GAV3cWPaYAAYQnD.jpg",""
"Sat Dec 02 08:01:31 +0000 2023","1730859726727229666","Tekanan dari Polisi di Berbagai Daerah¬†  Sejumlah perwira polisi disebut-sebut menekan berbagai pihak agar tak mendukung pasangan capres-cawapres selain Prabowo-Gibran. Polisi mengklaim netral dalam Pemilu 2024.  Simak selengkapnya Program Bocor Alus Politik di Channel Youtube‚Ä¶ https://t.co/X8H0RGpqQr","124","229","1269","2177","in","18129942","1730859726727229666","tempodotco","https://twitter.com/tempodotco/status/1730859726727229666","https://pbs.twimg.com/media/GAU_vuka4AAlYsT.jpg","Indonesia"
"Fri Dec 01 15:05:02 +0000 2023","1730603919867535559","@Uki23 Sama seperti pak Prabowo 2014 &amp; 2019  Prabowo dicemooh &amp; dihujat. Perbedaannya  kalau dulu @Uki23 mencemooh pak Prabowo  sekarang @Uki23 menjilat pak Prabowo. Kesamaannya  keduanya sama-sama Penjilat. https://t.co/lfyOBXOdsI","1","6","17","95","in","1280634978896801793","1730579334396780733","agan_ridho","https://twitter.com/agan_ridho/status/1730603919867535559","https://pbs.twimg.com/media/GARXF_hasAAZexX.jpg",""
"Sat Dec 02 01:05:26 +0000 2023","1730755015068033458","Agung G..seorg jendral dan termsuk  Anggota DKP.. yg merekomendasi Mslh HAM berat prabowo.. tetapi Malah dukung prabowo...   Jenderal saja gak punya integritas Apalagi org biasa...   Susahnya integritas di negeri ini..  https://t.co/qczaVyBI1B","10","146","133","488","in","722413726230384640","1730755015068033458","Gunawan75_","https://twitter.com/Gunawan75_/status/1730755015068033458","","jakarta- Indonesia"
"Sat Dec 02 13:52:17 +0000 2023","1730948002393829465","@Uki23 Si Uki ini selalu berkata saya sudah lihat ü§£ü§£ü§£ Surat investigasi DKP prabowo pun dia sudah lihat tapi sekarang dia dukung jadi capres üëéüëé Trus warga jakarta disuruh milih dia? Kelaut aja loe ki. https://t.co/tdUzqTDhoR","4","27","39","182","in","114154494","1730940608083366314","rudisarupa","https://twitter.com/rudisarupa/status/1730948002393829465","https://pbs.twimg.com/media/GAWQBooaUAA2nX5.jpg",""
"Sat Dec 02 19:23:29 +0000 2023","1731031349115720081","hari ini AHY mendampingi kampanye perdana Calon Presiden Nomor Urut 2 Bapak Prabowo Subianto  Setelah mendarat kami langsung bersilaturahmi dengan kyai  ulama dan ribuan santri di Ponpes Miftahul Huda  Tasikmalaya.   #prabowogibran2024 https://t.co/fmlnk3orcz","0","0","4","7","in","1517341350341283840","1731031349115720081","billytampi2","https://twitter.com/billytampi2/status/1731031349115720081","https://pbs.twimg.com/ext_tw_video_thumb/1731031312436432897/pu/img/b9uPhzBngak4ce-w.jpg",""
"Sat Dec 02 11:33:28 +0000 2023","1730913066202911059","Pada 2019 saya pikir cuma ada dua jenis voters  yaitu pendukung Jokowi dan pembenci Jokowi. Pada 2024 saya sadar  ternyata ada lagi satu varian lain  pembenci Prabowo. Varian terakhir ini sejak awal bukan pendukung Jokowi.","41","479","24","138","in","64677484","1730913066202911059","Uki23","https://twitter.com/Uki23/status/1730913066202911059","","Jakarta"
"Sun Dec 03 02:29:28 +0000 2023","1731138552355041553","Dampingi Kampanye Perdana Prabowo di Tasikmalaya  AHY: Prabowo Menang  Indonesia Bisa Semakin Maju dan Makmur   https://t.co/p2rIGCYURj","0","13","7","19","in","1258626853541052421","1731138552355041553","ajengcute16__","https://twitter.com/ajengcute16__/status/1731138552355041553","","Dihati mu üíô"
"Fri Dec 01 17:49:34 +0000 2023","1730645328330977556","Efek Pak Lurah Masih Menjabat KOLUSI NEPOTISME Sulit Di hindari  Alasan YangDi Cocokkan Buat Putra Mahkota  Publik Juga Tau Kalau Cuma @gibran_tweet Cawapres @prabowo Yang Tidak Bisa Di Lepas Sendirian Untuk Berdebat Dengan @cakimiNOW Dan @mohmahfudmd Karna Akan Memalukan DINASTI https://t.co/dkKrw6j9hk","31","158","231","304","in","1269807484174123008","1730645328330977556","ZulkifliLubis69","https://twitter.com/ZulkifliLubis69/status/1730645328330977556","https://pbs.twimg.com/ext_tw_video_thumb/1730645287394480129/pu/img/W1x3sxAxLAbaS7PD.jpg",""
"Sat Dec 02 03:40:23 +0000 2023","1730794010602840399","@MichelAdam7__ Masih pagiii bang udah nyebar fitnah dan hoax aja  segala nuduh prabowo gibran  LGBT  nih gambar aslinya https://t.co/wDO3umoSfB","2","9","11","164","in","226833128","1730751883617476617","pliniodireito","https://twitter.com/pliniodireito/status/1730794010602840399","https://pbs.twimg.com/media/GAUDG18boAAGHyU.jpg","Palembang"
"Sat Dec 02 07:19:38 +0000 2023","1730849185258467594","@hariqosatria Ini pendukung siapa yang menyebarkan???  Sebar sendiri Ramaikan sendiri Terus PLAYING VICTIM di fitnah  dibully  diserang  pendukung Pak @prabowo begini amat ya? https://t.co/Uxq05bB9Sn","2","8","15","82","in","1569878294509789184","1730821773258854540","pondokG65657380","https://twitter.com/pondokG65657380/status/1730849185258467594","https://pbs.twimg.com/media/GAU2KUGasAAbyyR.jpg",""
"Sat Dec 02 10:07:04 +0000 2023","1730891321467162704","@PartaiSocmed mungkin bukan panik tum tapi ada yg posting di kubu prabowo gibran https://t.co/AoYkr2MEOw","0","5","2","32","in","2879228312","1730873697047588921","zaidbocdas","https://twitter.com/zaidbocdas/status/1730891321467162704","https://pbs.twimg.com/media/GAVcQoBbUAA-CrP.jpg","KEDIRI"
"Sun Dec 03 03:40:12 +0000 2023","1731156350749835726","Nih bocah banyak bacot!!  Suka¬≤ kami lah  mau merubah aturan di MK  mau merubah aturan di KPU dan Bawaslu terserah kami  kami yang berkuasa!! Rakyat kayak kalian paling bisanya cuma ngebacot  kalian itu gak punya daya untuk melawan pemerintah!! #OrdeBaruReborn https://t.co/OUn7EV0WL8","3","1","12","29","in","1463720993176784901","1731156350749835726","Omnya_Gibran","https://twitter.com/Omnya_Gibran/status/1731156350749835726","https://pbs.twimg.com/ext_tw_video_thumb/1731156292495151104/pu/img/Gx1u_FVr24pUN8JJ.jpg",""
"Fri Dec 01 11:01:18 +0000 2023","1730542585310282042","Ganjar kemana aja dan dimana aja selalu disambut dgn meriah  Krn inilah Ganjar sampai difitnah sama pendukung Prabowo Gibran elektabilitasnya buncit cuma 13%  mereka panik.  Video pertama  Ganjar tiba di Kupang disambut dgn sangat meriah.  Video kedua  Ganjar disambut hangat saat‚Ä¶ https://t.co/Z68CVFkj08","7","52","246","875","in","154435354","1730542585310282042","ch_chotimah2","https://twitter.com/ch_chotimah2/status/1730542585310282042","https://pbs.twimg.com/ext_tw_video_thumb/1730542441814745088/pu/img/7p1DH9enp51pgQAB.jpg","Kalimantan Timur, Indonesia"
"Sun Dec 03 03:28:04 +0000 2023","1731153299959947265","Gerak-gerik Jokowi semakin nampak jelas di mata publik  dia mulai membuntuti kemana pun Ganjar berkunjung.  Mulai dari Lampung hingga NTT. Ada rasa Khawatir jika pendukungnya beralih kepada Ganjar.  Jokowi menginginkan pendukungnya  harus memberikan dukungan pada Prabowo-Gibran. https://t.co/iBgCBkHsNp","0","1","5","9","in","87632140","1731153299959947265","wil_ws_","https://twitter.com/wil_ws_/status/1731153299959947265","https://pbs.twimg.com/ext_tw_video_thumb/1731153204304547840/pu/img/uK5v0UoNIc9WzXy4.jpg","Indonesia"
"Sat Dec 02 13:58:43 +0000 2023","1730949618140328246","@fadlizon @prabowo @gibran_tweet Jika di Pimpin Anies Indonesia lebih maju dan Damai.. https://t.co/VFS11txZd4","0","3","6","60","in","1603739452211269632","1730942760478445853","RioHerman327","https://twitter.com/RioHerman327/status/1730949618140328246","https://pbs.twimg.com/media/GAWRgN1aMAAmCay.jpg",""
"Fri Dec 01 10:17:27 +0000 2023","1730531548808781980","Sebutan gemoy yang berarti menggemaskan untuk @prabowo merupakan bukti kecintaan dari para Pendukungnya utk sosok pemimpin yang di idolakan selama ini... ‚úåÔ∏èü´∞ü•∞ #PKSPanik  ..... https://t.co/aY6ToRZcjv","0","0","4","4","in","2306717563","1730531548808781980","jessiellence","https://twitter.com/jessiellence/status/1730531548808781980","https://pbs.twimg.com/media/GAQVRa1bwAAdQQM.jpg","DKI Jakarta, Indonesia"
"Sat Dec 02 12:33:59 +0000 2023","1730928294080761882","@AgusYudhoyono @prabowo AM1N YESS https://t.co/k9p7O8Jkrr","0","0","1","28","en","1674865774077546497","1730841346355994790","ASururi1560","https://twitter.com/ASururi1560/status/1730928294080761882","https://pbs.twimg.com/media/GAV-GrrbsAAQSjF.jpg","DKI Jakarta, Indonesia"
"Sat Dec 02 08:44:12 +0000 2023","1730870469681910190","Indra Charismiadji: Prabowo Contek Program Makan Gratis Anak Sekolah Karya Anies Tapi Tak Paham Cara Mengelolanya via @kedaipenacom https://t.co/Q55NSkk1rV","11","35","469","1055","in","30766806","1730870469681910190","Reiza_Patters","https://twitter.com/Reiza_Patters/status/1730870469681910190","","Tomage-Fakfak, Indonesia"
"Sat Dec 02 08:41:07 +0000 2023","1730869691223364062","@kurawa @islah_bahrawi Lemah iman gue....harga diri gue gadain k Prabowo ach ....takut komisaris gue hilang kyk si Noel.... Begitulah kira2 Ahoker yg sakit hati ini... @kurawa üò≠üò≠üò≠ https://t.co/Y3nMLqx9PE","0","2","1","10","in","1285613744517558278","1730842879004975211","ZanuAriel","https://twitter.com/ZanuAriel/status/1730869691223364062","https://pbs.twimg.com/media/GAVIzeabIAAvmLk.jpg","Indonesia"
"Sat Dec 02 12:57:09 +0000 2023","1730934125027365327","Format debat diputuskan oleh KPU  dan disepakati bersama oleh masing-masing perwakilan Paslon. Pak @prabowo dan @gibran_tweet siap dengan semua format yg ada. Jadi  framing seolah ada upaya menghilangkan debat cawapres  itu tuduhan yg jahat  bila perlu ada sesi khusus debat‚Ä¶","118","1418","89","560","in","194987317","1730934125027365327","Dahnilanzar","https://twitter.com/Dahnilanzar/status/1730934125027365327","",""
"Sat Dec 02 00:40:39 +0000 2023","1730748778041516124","Saya tahu pun dari akun resmi DPC Gerindra  Mas. Diunggah tujuh jam lalu (dan masih belum dihapus).  Oke  karena mungkin ini serangan hoaks  emang lebih mending milih Prabowo-Gibran  sih  ini.  ü§åüèª https://t.co/JvHNGSmoXv","45","65","105","276","in","68331085","1730748778041516124","Stakof","https://twitter.com/Stakof/status/1730748778041516124","https://pbs.twimg.com/media/GATavD2bwAADs7X.jpg","Kadipaten Japara Hadiningrat"
"Sun Dec 03 02:55:28 +0000 2023","1731145094030635296","PRABOWO MINTA DANA BESAR UNTUK ALUTISTA ATAU KAMPANYE? https://t.co/OGWwm6Aizp","0","1","0","0","in","1686393194832146433","1731145094030635296","MelissaGar28515","https://twitter.com/MelissaGar28515/status/1731145094030635296","https://pbs.twimg.com/media/GAZDN94awAAy8GN.jpg",""
"Sun Dec 03 00:59:18 +0000 2023","1731115862097314041","#Prabowo : Only in a conducive environment  mutually beneficial relationships between countries can be created  one of which is to achieve the goal of national economic development. "Our top priority is the economy  providing employment for the people  and eradicating poverty‚Äù. https://t.co/lffuRgf3qT","0","1","0","1","en","1605568555680137216","1731115862097314041","Samuder53291026","https://twitter.com/Samuder53291026/status/1731115862097314041","https://pbs.twimg.com/media/GAYor3yaEAASE_i.jpg","DKI Jakarta, Indonesia"
"Fri Dec 01 16:29:46 +0000 2023","1730625243985879430","@PartaiSocmed Tes untuk @PartaiSocmed ini hoax bukan üëáüëá Prabowo Subianto Sebagai 'Terduga Pelanggar HAM Berat' üòå https://t.co/yvHLfROAcL","0","2","4","24","in","1707440919958716417","1730600604014387219","ibrahimmus_","https://twitter.com/ibrahimmus_/status/1730625243985879430","https://pbs.twimg.com/media/GARqbu9aUAAfasa.jpg","Bandar Seri Begawan"
"Sat Dec 02 14:39:11 +0000 2023","1730959804326441097","Capek Lihatcara Jahat Apalagi Editan Mending Riang Gembira  All In Prabowo Gribran No Merah https://t.co/VpBrdPig9O","5","12","23","95","in","117694469","1730959804326441097","dhemit_is_back","https://twitter.com/dhemit_is_back/status/1730959804326441097","https://pbs.twimg.com/ext_tw_video_thumb/1730959749494292480/pu/img/lH28vVCphuLGFQJr.jpg","Singapur, India"
"Fri Dec 01 10:45:45 +0000 2023","1730538669537423402","Komandan Tim Komunikasi Tim Kampanye Nasional (TKN) Prabowo Subianto-Gibran Rakabuming Raka  Budisatrio Djiwandono mengaku gaya berpolitik riang dan gembira paslon nomor urut 2 telah menginspirasi kampanye paslon lain di Pilpres 2024.   #threadtvOne https://t.co/SZrr3HsyAN","20","444","100","231","in","55507370","1730538669537423402","tvOneNews","https://twitter.com/tvOneNews/status/1730538669537423402","https://pbs.twimg.com/media/GAQbK9JbYAA0Uzm.jpg","Pulo Gadung, Indonesia"
"Sat Dec 02 14:01:33 +0000 2023","1730950334699409864","Saya @Catatan_ali7 memutuskan memilih pasangan nomor 2 @prabowo dan @gibran_tweet sebagai capres dan cawapres 2024 H   Terimakasih üòáü§ó","24","227","48","310","in","1133311906976952320","1730950334699409864","Catatan_ali7","https://twitter.com/Catatan_ali7/status/1730950334699409864","","Klaten, Jawa Tengah"
"Sat Dec 02 12:56:05 +0000 2023","1730933855690084425","Aaaaaiiiii gagah nya  Bapak @prabowo  bersama 2 Ganteng  MAs  @AgusYudhoyono AHY  @ridwankamil  kang Emil semangat berjuang untuk #PrabowoGibran2024  Wapres @gibran_tweet  yg manies ü´∞","0","3","10","29","in","1695192728173187072","1730933855690084425","drReUtari08","https://twitter.com/drReUtari08/status/1730933855690084425","",""
"Sun Dec 03 01:19:35 +0000 2023","1731120967064420479","Saya sedih mendengar Kabar ini melihat kondisi PAK PRABOWO Yang masih bugar   Saya masih berharap beliau setidak nya Bisa Nyapres sampai 2034....  #MingguKelabuüò≠","1","1","6","10","in","1133311906976952320","1731120967064420479","Catatan_ali7","https://twitter.com/Catatan_ali7/status/1731120967064420479","","Klaten, Jawa Tengah"
"Sat Dec 02 09:46:08 +0000 2023","1730886054570582016","Hari ini Prabowo kampanye di Tasikmalaya dari Jakarta pakai Embraer Legacy 600. Iya enggak kayak kamu yang pakai Primajasa  Ya.  Sementara itu di Indonesia Timur  Ganjar safari seharian keliling Kupang - Ende - Rote - Bima - Lombok pakai Hawker 800. Padahal kemarin dia bawa‚Ä¶ https://t.co/0KXpIbcXxG","144","150","701","3185","in","261912160","1730886054570582016","aqfiazfan","https://twitter.com/aqfiazfan/status/1730886054570582016","https://pbs.twimg.com/media/GAVXrYiaAAAg4c4.jpg","Jakarta, Indonesia"
"Sat Dec 02 09:28:10 +0000 2023","1730881531907023306","KABAR DUKA : Prabowo Akan Alihkan Anggaran Pendidikan dan Bansos untuk Program Makan Siang   Oleh : Angwar Sanusi  Prabowo barangkali adalah capres yang paling bingung sekaligus membingungkan. Bukan hanya karakter kepemimpinannya yang sama sekali tidak jelas antara mau tegas atau‚Ä¶ https://t.co/niH4rnWg9F","5","1686","891","1247","in","48359478","1730881531907023306","Melihat_Indo","https://twitter.com/Melihat_Indo/status/1730881531907023306","https://pbs.twimg.com/media/GAVTk5ybkAAosdL.jpg","Indonesia"
"Sat Dec 02 11:41:44 +0000 2023","1730915147408126110","Buat Pendukung PRABOWO seharus nya kalian desak DPC GERINDRA JEPARA yang share  " DASI PELANGI " Untuk lakukan klarifikasi  Bukan malah menyudutkan PENDUKUNG ANIES BASWEDAN yang mereka hanya mempertanyakan kebenaran Foto tersebut  Orang bertanya itu tidak salah kecuali menuduh...","2","7","39","112","in","1133311906976952320","1730915147408126110","Catatan_ali7","https://twitter.com/Catatan_ali7/status/1730915147408126110","","Klaten, Jawa Tengah"
"Sat Dec 02 23:27:07 +0000 2023","1731092661715734750","Flying saya presiden 2024 prabowo gibran. üôè https://t.co/fjefUuEved","0","0","0","2","en","1130214746","1731092661715734750","bastianmalau1","https://twitter.com/bastianmalau1/status/1731092661715734750","https://pbs.twimg.com/media/GAYTmiebUAA74ZS.jpg","tanggerang cityüåà"
"Sat Dec 02 05:44:00 +0000 2023","1730825121907323243","Prabowo Subianto: Insya Allah Kali Ini Menang  Karena Ada Kekuatan Jokowi dan Luhut https://t.co/nVKQxAGzV3","44","268","77","114","in","3319260420","1730825121907323243","geloraco","https://twitter.com/geloraco/status/1730825121907323243","","Indonesia"
"Sat Dec 02 09:03:57 +0000 2023","1730875439244263737","Kenapa yang khawatir saat mantan Ketua KPK Agus Rahardjo mengungkap usaha intervensi Jokowi pada kasus e-KTP Setya Novanto adalah Kubu Prabowo Gibran  bukan kubu yang lain?!  Karena mereka berkepentingan menyelamatkan elektabilitas mereka yang sangat bergantung pada Jokowi Effect‚Ä¶","8","54","142","633","in","214159664","1730875439244263737","Paltiwest","https://twitter.com/Paltiwest/status/1730875439244263737","","Medan dan Jakarta, Indonesia"
"Fri Dec 01 15:36:18 +0000 2023","1730611790554542122","@Uki23 Sudah berapa hari ni  bicara dosanya..  @prabowo kan..? https://t.co/sjsCJKYO7a","1","2","9","43","in","1615103676","1730579334396780733","CyrelManusama","https://twitter.com/CyrelManusama/status/1730611790554542122","https://pbs.twimg.com/media/GAReQGea4AAKEVu.jpg","Manado"
"Fri Dec 01 11:33:04 +0000 2023","1730550578470937058","Arahan PRabowo-Gibran ke TKN dan TKD: Tak Boleh Jelek-jelekkan Paslon Lain https://t.co/B8QMCuAD8T","24","142","107","638","in","397673651","1730550578470937058","Gerindra","https://twitter.com/Gerindra/status/1730550578470937058","","Indonesia Raya "
"Sat Dec 02 09:21:57 +0000 2023","1730879970602602669","Usai Bagikan 7.000 Nasi Kotak ke Santri  Prabowo Minta Didoakan Jadi Presiden https://t.co/oPkaPZ7JRH","10","54","24","36","in","887743587579944960","1730879970602602669","OposisiCerdas","https://twitter.com/OposisiCerdas/status/1730879970602602669","",""
"Sat Dec 02 16:16:10 +0000 2023","1730984210196988077","Sepintar pintarnya Pendukung Prabowo  tetap tidak bisa di sejajarkan dengan Segoblog goblognya pendukung Ganjar.... ‚úçÔ∏è  KENAPA??? Karena Hanya orang Gila yang akan terpikir menjadikan kedua Penjahat ini Presiden &amp; Wakil Presiden. üí•  OTAK MU DIMANA @XiaoMei_99 https://t.co/ovXSPS7GVX","2","9","64","134","in","1556789140435324929","1730984210196988077","Kanjeng2022","https://twitter.com/Kanjeng2022/status/1730984210196988077","https://pbs.twimg.com/media/GAWw9pSaMAAX8Kz.jpg","Bumi Agung, Indonesia"
"Sat Dec 02 23:52:23 +0000 2023","1731099020830097654","@Dahnilanzar @prabowo @gibran_tweet Ini format debat terpanas Bro https://t.co/DJJ1txTnGk","0","0","4","6","in","1649991601178165248","1730934125027365327","HERSETIA99","https://twitter.com/HERSETIA99/status/1731099020830097654","https://pbs.twimg.com/ext_tw_video_thumb/1731098930723827712/pu/img/UHp62aMBhHDqbqRy.jpg",""
"Sun Dec 03 03:35:35 +0000 2023","1731155191981035831","Meski membantah kampanye di area CFD  Gibran mengakui pembagian susu yang dilakukan merupakan programnya bersama Prabowo Subianto. https://t.co/rir1LgTVDJ","8","24","4","15","in","23343960","1731155191981035831","kompascom","https://twitter.com/kompascom/status/1731155191981035831","","Jakarta"
"Sat Dec 02 11:43:04 +0000 2023","1730915482251989205","AHY Dampingi Prabowo Kampanye di Kandang PPP Jawa Barat   https://t.co/tZ3S0hdFcn","0","10","12","47","in","1258626853541052421","1730915482251989205","ajengcute16__","https://twitter.com/ajengcute16__/status/1730915482251989205","","Dihati mu üíô"
"Sat Dec 02 06:26:48 +0000 2023","1730835889633571055","Om @hariqosatria  usul mungkin perlu diperjelas HOAX-nya dimana.  Apakah:  "Meme Prabowo-Gibran pake dasi pelangi itu tidak pernah dibuat oleh tim 02 sehingga meme ini hoax?"   Kalau ini casenya  sptnya akun @ferizandra (19:19 WIB) dapat dari @AresFaresta (13:44 WIB).  atau‚Ä¶ https://t.co/NzN4S98aHn","75","192","561","1520","in","34075325","1730835889633571055","ismailfahmi","https://twitter.com/ismailfahmi/status/1730835889633571055","https://pbs.twimg.com/media/GAUoiUGaQAAYicO.jpg","Jakarta Selatan, DKI Jakarta"
"Sat Dec 02 10:26:49 +0000 2023","1730896294498140615","Ketua Tim Kampanye Nasional (TKN) Prabowo-Gibran  Rosan Perkasa Roeslani mengungkapkan alasan paslon nomor urut 2 itu baru memulai kampanye pada hari ini  Jumat (1/12/2023). ~J  #PrabowoGibran #Pilpres2024 #JernihkanHarapan https://t.co/UR8wQsaJq8","0","30","22","29","in","23343960","1730896294498140615","kompascom","https://twitter.com/kompascom/status/1730896294498140615","https://pbs.twimg.com/media/GAVgymFaUAAauih.jpg","Jakarta"
"Sat Dec 02 11:43:25 +0000 2023","1730915568860152105","TKN Prabowo-Gibran Minta Tim Berkampanye Tidak Jelekan Paslon Lain   https://t.co/BuFzKaaILM","11","190","24","88","in","1258626853541052421","1730915568860152105","ajengcute16__","https://twitter.com/ajengcute16__/status/1730915568860152105","","Dihati mu üíô"
"Sun Dec 03 04:21:37 +0000 2023","1731166776543871014","@larasriski @David68159347 Mantaaabh.. all in Prabowo...","0","1","0","2","en","534429273","1731136548169802180","muttynoor","https://twitter.com/muttynoor/status/1731166776543871014","",""
"Fri Dec 01 15:30:37 +0000 2023","1730610360410071314","Pak Prabowo : "...Orang yg suka joget hatinya gembira..."  Pemilu 2024 seharusnya dibawah suasana riang gembira dalam kegiatan apapun...bukan marah2 dgn tekanan tinggi  Prabowo-Gibran 2024 Menang 1 putaran‚úåÔ∏èüòç https://t.co/KbfVznOvRf","7","84","43","138","in","1211153840122155008","1730610360410071314","alextham878","https://twitter.com/alextham878/status/1730610360410071314","https://pbs.twimg.com/ext_tw_video_thumb/1730608505122689024/pu/img/vHuL0qN3NbCo8VOg.jpg","Samarinda"
"Sat Dec 02 02:40:40 +0000 2023","1730778983267279184","ga usah ngomongin gagasan dulu kalo cara mainnya masih menjatuhkan dan ftinah  ini fitnah paling menjijikan ke pak prabowo soal pelangi dan LGBT. siapapun bisa buat make ai  pdhl ga prnah di postingan di kanal resmi bisa2 nya nyebar hoaks dan permusuhan. rendahn cara mainnya cuih https://t.co/JJfqciubGr","4","46","12","146","in","607749430","1730778983267279184","TheRealAilyn","https://twitter.com/TheRealAilyn/status/1730778983267279184","https://pbs.twimg.com/media/GAT2I8eb0AASx1h.png",""
"Sun Dec 03 04:17:20 +0000 2023","1731165699509539263","Sebarkan kebaikan di Pilpres 2024  kata Prabowo. Stop hina-menghujat! dekade08","0","0","0","0","in","1668504979659976711","1731165699509539263","rendyfhrzaa","https://twitter.com/rendyfhrzaa/status/1731165699509539263","",""
"Sat Dec 02 07:57:16 +0000 2023","1730858656873513168","@hariqosatria Pendukung prabowo sendiri yg mengunggahnya bosss  jadi siapa yg fitnah siapa Awokwokwokwokwokwok https://t.co/L4lWz25vYH","0","1","1","8","in","1691114776653701120","1730821773258854540","VoxPopuli714101","https://twitter.com/VoxPopuli714101/status/1730858656873513168","https://pbs.twimg.com/media/GAU-xbHaYAA6U0h.jpg","Primavera do Leste, Brasil"
"Sat Dec 02 08:32:02 +0000 2023","1730867406539735473","Konsolidasi Tokoh Agama dan Masyarakat (Togamas) Jawa Barat di Tasikmalaya  Jawa Barat digelar usai silaturahmi Capres nomor urut 2 @prabowo dan pimpinan parpol Koalisi Indonesia Maju (KIM) ke Ponpes Miftahul Huda  Tasik  #JabarTetapPrabowo  #MenangkanDemokrat  #MenangkanPrabowo https://t.co/Q62Nf84acM","2","4","23","58","in","248199104","1730867406539735473","PDemokrat","https://twitter.com/PDemokrat/status/1730867406539735473","https://pbs.twimg.com/media/GAVGtg9agAAOSU_.jpg","Jakarta Capital Region"
"Sat Dec 02 20:02:51 +0000 2023","1731041255227072546","Poster Pelangi Prabowo-Gibran Trending di X  Fitnah atau? https://t.co/R08nMdyheV","0","3","11","9","in","887743587579944960","1731041255227072546","OposisiCerdas","https://twitter.com/OposisiCerdas/status/1731041255227072546","",""
"Sun Dec 03 02:43:09 +0000 2023","1731141995631173942","Menurut Prabowo  seseorang menyebut hal yang harus diperhatikan dalam politik  yakni kredibilitas  integritas  dan yang terpenting 'isi tas'. https://t.co/2ctxdUOA9o","5","4","3","7","in","23343960","1731141995631173942","kompascom","https://twitter.com/kompascom/status/1731141995631173942","","Jakarta"
"Fri Dec 01 13:52:50 +0000 2023","1730585749328937059","@PartaiSocmed @prabowo ga takut dimarahin Tum? https://t.co/NDscHgMN1e","0","18","7","46","in","1486870363","1730576827532603884","ikidikii","https://twitter.com/ikidikii/status/1730585749328937059","https://pbs.twimg.com/media/GARGkUpawAA5scQ.jpg",""
"Sun Dec 03 02:56:09 +0000 2023","1731145265749561451","ANAK BUAH PRABOWO ADA DIPUSARAN KASUS KORUPSI BTS 10T https://t.co/Ji4wTwc4LL","0","0","0","0","in","1686393194832146433","1731145265749561451","MelissaGar28515","https://twitter.com/MelissaGar28515/status/1731145265749561451","https://pbs.twimg.com/media/GAZDY65aQAAwWXT.jpg",""
"Fri Dec 01 15:16:11 +0000 2023","1730606725542428945","Prabowo doing a mahathir move","0","0","1","0","en","1487805927424393217","1730606725542428945","WanDAP90","https://twitter.com/WanDAP90/status/1730606725542428945","","Kota Bharu, Kelantan"
"Sun Dec 03 00:59:06 +0000 2023","1731115810650050572","Pak @prabowo dan @aniesbaswedan  dua-duanya layak jadi presiden Yg jadi pemberat adalah wapresnya.Mengngingat apa yg pernah di lakukan @cakimiNOW terhadap Gus Dur.Maka pagi ini dgn kesadaran penuh  Sy akan menggunakn Hak sy sbg warga negara untuk mendukung pasangan Prabowo-Gibran https://t.co/hxXxG70gh2","2","28","17","58","in","1517330650931826688","1731115810650050572","BoyRembaya","https://twitter.com/BoyRembaya/status/1731115810650050572","https://pbs.twimg.com/ext_tw_video_thumb/1731115607729557504/pu/img/DsFPBD-4BP7Jybeo.jpg",""
"Sun Dec 03 00:40:47 +0000 2023","1731111201659289772","Ini Dia Hasil Survei Anies  Prabowo  Ganjar! Bisa 1 Putaran? https://t.co/uw5Bu2xWgc","0","3","9","12","in","887743587579944960","1731111201659289772","OposisiCerdas","https://twitter.com/OposisiCerdas/status/1731111201659289772","",""
"Sat Dec 02 23:50:34 +0000 2023","1731098564087144656","Tim Prabowo pada Pilpres 2024 merupakan tim Jokowi. Menurut Prabowo  tim itu terdiri dari orang-orang pintar yang menyusun berbagai materi kampanye. https://t.co/3l0xyRWAjU","1","7","4","14","in","23343960","1731098564087144656","kompascom","https://twitter.com/kompascom/status/1731098564087144656","","Jakarta"
"Fri Dec 01 12:32:16 +0000 2023","1730565478102495583","@Heraloebss @PartaiSocmed @kurawa @mazzini_gsp @logikapolitikid @prabowo @gibran_tweet Miss üëáüëáüëáüëáüëá https://t.co/xjczraczmu","0","2","1","12","en","1336091630","1730564513710391575","Candj09","https://twitter.com/Candj09/status/1730565478102495583","","Jakarta Selatan, DKI Jakarta"
"Sat Dec 02 13:32:11 +0000 2023","1730942942842626203","whats with all these mimpi prabowo https://t.co/0XRmAPk3d2","0","0","0","1","en","1113437696230195201","1730942942842626203","shoegazeti","https://twitter.com/shoegazeti/status/1730942942842626203","https://pbs.twimg.com/media/GAWLbgDbsAAiTEL.jpg",""
"Sat Dec 02 09:12:34 +0000 2023","1730877609586958771","SBY Turun Gunung  Perintahkan Kader Demokrat Menangkan Prabowo-Gibran https://t.co/mM2hYlw9gq","0","0","4","22","in","1543885358748016640","1730877609586958771","pdemokratkotatg","https://twitter.com/pdemokratkotatg/status/1730877609586958771","","Kota Tangerang"
"Sat Dec 02 11:29:20 +0000 2023","1730912024962678854","Aktivis Jateng kompak  dukung Prabowo-Gibran menang satu putaran di Pilpres 2024. dekade08","0","160","149","1","in","1684776842165940225","1730912024962678854","lailaqiftiyaah","https://twitter.com/lailaqiftiyaah/status/1730912024962678854","",""
"Sun Dec 03 04:10:46 +0000 2023","1731164043191418981","Prabowo di dialog Muhammadiyah: 82 9 juta orang senang dapat makan siang gratis! dekade08","0","0","0","0","in","1700383756329324544","1731164043191418981","marniyulianii","https://twitter.com/marniyulianii/status/1731164043191418981","","Langsa, Indonesia"
